stockidname,type
1101台泥,水泥/電力
1102亞泥,水泥/電力
1103嘉泥,水泥/運輸事業/地產/旅館、餐飲
1104環泥,水泥
1108幸福,水泥
1109信大,水泥
1110東泥,水泥
1201味全,食品加工/飲料相關
1203味王,資產股/食品加工/飲料相關
1210大成,大宗物資/農林漁牧/食品加工
1213大飲,飲料相關
1215卜蜂,農林漁牧/食品加工
1216統一,大宗物資/農林漁牧/食品加工/飲料相關
1217愛之味,食品加工/飲料相關
1218泰山,大宗物資/飲料相關
1219福壽,大宗物資/農林漁牧/食品加工
1220台榮,大宗物資/農林漁牧/食品加工/流通業
1225福懋油,大宗物資/農林漁牧
1227佳格,大宗物資/食品加工
1229聯華,大宗物資/軟體業
1231聯華食,食品加工
1232大統益,大宗物資/食品加工
1233天仁,食品加工/旅館、餐飲
1234黑松,資產股/飲料相關/流通業
1235興泰,農林漁牧
1236宏亞,食品加工
1240茂生農經,農林漁牧
1256鮮活果汁-KY,飲料相關
1258其祥-KY,農林漁牧/食品加工
1259安心,旅館、餐飲
1264德麥,食品加工/流通業
1268漢來美食,旅館、餐飲
1301台塑,石化業/化纖原料/化學工業
1303南亞,石化業/化纖原料/化學工業/印刷電路板相關
1304台聚,石化業
1305華夏,石化業
1307三芳,石化業/傳產其他
1308亞聚,石化業
1309台達化,石化業
1310台苯,石化業
1312國喬,石化業
1313聯成,石化業
1314中石化,資產股/化纖原料
1315達新,石化業/成衣/資產股/建材
1316上曜,化學工業/地產
1319東陽,汽機車零組件
1321大洋,石化業/資產股
1323永裕,石化業
1324地球,化學工業
1325恆大,紡織中游
1326台化,石化業/化纖原料/化學工業
1336台翰,電子零件元件
1337再生-KY,石化業/傳產其他
1338廣華-KY,汽車內裝
1339昭輝,石化業/汽機車零組件
1340勝悅-KY,傳產其他
1341富林-KY,石化業
1342八貫,石化業
1402遠東新,成衣/家居用品/控股公司/資產股/化纖原料/紡織中游
1409新纖,石化業/資產股/化纖原料
1410南染,IC封裝測試/資產股/紡織中游
1413宏洲,化纖原料
1414東和,資產股/紡織中游/地產
1416廣豐,軟體業/資產股/地產
1417嘉裕,成衣
1418東華,化纖原料
1419新紡,成衣/資產股/紡織中游/地產
1423利華,資產股/紡織中游
1432大魯閣,休閒娛樂/流通業
1434福懋,紡織中游/其他公用事業
1435中福,地產
1436華友聯,地產
1437勤益控,成衣/資產股/地產
1438三地開發,地產
1439雋揚,紡織中游
1440南紡,資產股/化纖原料/紡織中游
1441大東,紡織中游
1442名軒,地產
1443立益物流,運輸事業/地產
1444力麗,化纖原料
1445大宇,化纖原料/紡織中游
1446宏和,資產股/紡織中游/地產
1447力鵬,化纖原料/紡織中游
1449佳和,紡織中游
1451年興,成衣/紡織中游
1452宏益,化纖原料
1453大將,地產
1454台富,化纖原料/紡織中游
1455集盛,化纖原料
1456怡華,紡織中游/地產
1457宜進,資產股/化纖原料/紡織中游
1459聯發,化纖原料
1460宏遠,紡織中游
1463強盛,紡織中游
1464得力,紡織中游
1465偉全,紡織中游
1466聚隆,化纖原料
1467南緯,成衣/資產股/紡織中游
1468昶和,紡織中游
1470大統新創,紡織中游
1471首利,電子零件元件/通訊設備
1472三洋實業,營造工程
1473台南,成衣
1474弘裕,紡織中游
1475業旺,化學工業
1476儒鴻,成衣/紡織中游
1477聚陽,成衣
1503士電,汽機車零組件/資產股/電力設備/設備儀器廠商
1504東元,機械/家電/顯示器/資產股/電力設備
1506正道,汽機車零組件/車用金屬成型
1512瑞利,汽機車零組件
1513中興電,機械/電力設備/其他公用事業
1514亞力,電力設備
1515力山,機械/運動產業
1516川飛,煤
1517利奇,機械
1519華城,電力設備
1521大億,汽機車零組件
1522堤維西,汽機車零組件
1524耿鼎,汽機車零組件
1525江申,汽機車零組件
1526日馳,機械
1527鑽全,機械
1528恩德,機械/流通業
1529樂事綠能,電力設備/電力公共事業
1530亞崴,機械
1531高林股,機械
1532勤美,機械/汽機車零組件/車用金屬成型/資產股/地產
1533車王電,機械/車用電子
1535中宇,營造工程/水資源
1536和大,機械/汽機車零組件
1537廣隆,電力設備
1538正峰,機械/汽機車零組件
1539巨庭,機械
1540喬福,機械
1541錩泰,機械
1558伸興,機械
1560中砂,機械/IC製造
1565精華,輔助與彌補用醫材
1568倉佑,汽機車零組件
1569濱川,電子零件元件
1570力肯,機械
1580新麥,機械
1582信錦,電子零件元件
1583程泰,機械
1584精剛,合金鋼
1586和勤,電子零件元件
1587吉茂,汽機車零組件
1589永冠-KY,機械
1590亞德客-KY,機械
1591駿吉-KY,線材、盤元
1593祺驊,機械/運動產業
1595川寶,設備儀器廠商
1597直得,機械
1598岱宇,家居用品/運動產業
1599宏佳騰,車輛整車
1603華電,電線電纜/建材
1604聲寶,家電/顯示器/運輸事業/資產股
1605華新,不鏽鋼/太陽能/電線電纜
1608華榮,非鐵金屬/電線電纜
1609大亞,電線電纜
1611中電,家電/LED
1612宏泰,電線電纜/印刷電路板相關
1614三洋電,家電/顯示器/資產股
1615大山,非鐵金屬/電線電纜/地產
1616億泰,電線電纜
1617榮星,電線電纜
1618合機,電線電纜
1626艾美特-KY,家電
1701中化,醫藥產業/醫療器材通路
1702南僑,大宗物資/控股公司/資產股/食品加工
1707葡萄王,生物科技/食品加工
1708東鹼,運輸事業/化學工業
1709和益,化學工業
1710東聯,化纖原料/化學工業
1711永光,電子化工材料/化學工業
1712興農,化學工業/流通業
1713國化,化學工業
1714和桐,化學工業
1717長興,面板零組件/電子化工材料/化學工業/印刷電路板相關/封測服務與材料
1718中纖,化纖原料/化學工業
1720生達,生物科技/醫藥產業
1721三晃,化學工業
1722台肥,資產股/化學工業
1723中碳,化學工業
1725元禎,化學工業/石油及天然氣
1726永記,化學工業
1727中華化,電子化工材料/化學工業
1730花仙子,化學工業
1731美吾華,化學工業/醫藥產業
1732毛寶,化學工業
1733五鼎,體外診斷用醫材
1734杏輝,生物科技/時尚產業/醫藥產業
1735日勝化,化學工業
1736喬山,運動產業
1737臺鹽,大宗物資/生物科技/飲料相關/時尚產業
1742台蠟,電力/食品加工/化學工業
1752南光,醫藥產業
1760寶齡富錦,時尚產業/醫藥產業
1762中化生,醫藥產業
1773勝一,化學工業
1776展宇,化學工業
1777生泰,醫藥產業
1781合世,診斷與監測用醫材
1783和康生,時尚產業/輔助與彌補用醫材
1784訊聯,生物科技/時尚產業
1785光洋科,電子化工材料/貴金屬/傳產其他
1786科妍,生物科技/時尚產業/輔助與彌補用醫材
1788杏昌,手術與治療用醫材/醫療器材通路
1789神隆,醫藥產業
1795美時,醫藥產業
1796金穎生技,生物科技
1799易威,醫藥產業
1802台玻,建材/印刷電路板相關
1805寶徠,地產
1806冠軍,建材
1808潤隆,地產
1809中釉,建材
1810和成,家居用品
1813寶利徠,傳產其他
1815富喬,印刷電路板相關
1817凱撒衛,家居用品
1903士紙,資產股/造紙業/地產
1904正隆,造紙業
1905華紙,造紙業
1906寶隆,造紙業
1907永豐餘,控股公司/化學工業/造紙業
1909榮成,造紙業
2002中鋼,線材、盤元/板鋼/條鋼
2006東和鋼鐵,條鋼
2007燁興,線材、盤元/不鏽鋼
2008高興昌,條鋼
2009第一銅,非鐵金屬
2010春源,板鋼/條鋼
2012春雨,機械/線材、盤元
2013中鋼構,條鋼
2014中鴻,板鋼
2015豐興,條鋼
2017官田鋼,線材、盤元/旅館、餐飲
2020美亞,不鏽鋼/板鋼/條鋼
2022聚亨,線材、盤元
2023燁輝,板鋼
2024志聯,線材、盤元/條鋼
2025千興,不鏽鋼
2027大成鋼,線材、盤元/不鏽鋼/非鐵金屬
2028威致,板鋼/條鋼
2029盛餘,板鋼
2030彰源,不鏽鋼
2031新光鋼,板鋼
2032新鋼,不鏽鋼
2033佳大,線材、盤元
2034允強,不鏽鋼
2035唐榮,不鏽鋼/資產股
2038海光,條鋼
2049上銀,機械
2059川湖,電子零件元件
2061風青,電線電纜
2062橋椿,家居用品
2063世鎧,線材、盤元/不鏽鋼
2064晉椿,線材、盤元/條鋼
2065世豐,線材、盤元
2066世德,線材、盤元
2067嘉鋼,機械
2069運錩,不鏽鋼
2070精湛,設備儀器廠商
2101南港,橡膠工業/資產股
2102泰豐,橡膠工業/資產股
2103台橡,橡膠工業
2104國際中橡,橡膠工業/醫藥產業
2105正新,橡膠工業
2106建大,橡膠工業
2107厚生,石化業/橡膠工業/運輸事業/資產股/地產
2108南帝,橡膠工業
2109華豐,橡膠工業
2114鑫永銓,橡膠工業
2115六暉-KY,汽機車零組件
2201裕隆,汽機車零組件/資產股/車輛整車
2204中華,汽機車零組件/車輛整車
2206三陽工業,資產股/車輛整車
2207和泰車,汽機車零組件/車輛整車
2208台船,機械
2211長榮鋼,電力/條鋼/傳產其他
2221大甲,不鏽鋼
2227裕日車,汽機車零組件/車輛整車
2228劍麟,汽機車零組件/汽車內裝/傳產其他
2230泰茂,汽機車零組件/旅館、餐飲
2231為升,車用電子
2233宇隆,汽機車零組件/傳產其他
2235謚源,汽機車零組件
2239英利-KY,汽機車零組件/車用金屬成型
2241艾姆勒,汽機車零組件
2243宏旭-KY,汽機車零組件
2247汎德永業,車輛整車
2250IKKA-KY,家電/汽機車零組件
2301光寶科,汽機車零組件/車用電子/電子零件元件/通訊設備/光通訊/太陽能/LED/電子其他/週邊產品/電腦系統業
2302麗正,分離式元件
2303聯電,IC製造
2305全友,設備儀器廠商/週邊產品/診斷與監測用醫材
2308台達電,機械/汽機車零組件/車用電子/被動元件/電子零件元件/顯示器/通訊設備/軟體業/太陽能/電力設備/LED/INTERNET技術與基礎設施
2312金寶,通訊設備/手機/消費性電子產品/週邊產品/電腦系統業
2313華通,印刷電路板相關
2314台揚,通訊設備
2316楠梓電,印刷電路板相關/電腦系統業
2317鴻海,機械/車用電子/電子零件元件/顯示器/通訊設備/汽車內裝/車輛整車/手機/INTERNET技術與基礎設施/消費性電子產品/週邊產品/穿戴式裝置/遊戲產業/電腦系統業
2321東訊,通訊設備/電子通路
2323中環,IC製造/光碟片/週邊產品
2324仁寶,車用電子/顯示器/通訊設備/手機/消費性電子產品/穿戴式裝置/電腦系統業
2327國巨,被動元件
2328廣宇,電子零件元件/印刷電路板相關/電腦系統業
2329華泰,IC封裝測試/電腦系統業
2330台積電,IC製造
2331精英,消費性電子產品/電腦系統業
2332友訊,通訊設備/消費性電子產品
2337旺宏,IC製造
2338光罩,IC製造
2340台亞,顯示器/LED/分離式元件
2342茂矽,IC製造
2344華邦電,IC製造
2345智邦,通訊設備
2347聯強,電子通路
2348海悅,地產
2349錸德,光碟片/週邊產品
2351順德,手機零組件/封測服務與材料/傳產其他
2352佳世達,顯示器/通訊設備/其他醫療器材/消費性電子產品/電腦系統業/診斷與監測用醫材/醫療管理服務
2354鴻準,電子零件元件/電腦系統業
2355敬鵬,印刷電路板相關
2356英業達,生物科技/電腦系統業
2357華碩,手機/穿戴式裝置/電腦系統業
2358廷鑫,非鐵金屬
2359所羅門,電力設備/面板業/電子通路/設備儀器廠商
2360致茂,設備儀器廠商/封測服務與材料
2362藍天,資產股/電腦系統業/地產
2363矽統,IC設計
2364倫飛,電腦系統業
2365昆盈,車用電子/電聲產品/消費性電子產品/週邊產品
2367燿華,印刷電路板相關
2368金像電,印刷電路板相關
2369菱生,IC封裝測試
2371大同,家電/顯示器/軟體業/資產股/電力設備/電線電纜/電子通路
2373震旦行,家居用品/電子其他
2374佳能,數位相機/手機零組件
2375凱美,被動元件
2376技嘉,週邊產品/電腦系統業
2377微星,週邊產品/電腦系統業
2379瑞昱,IC設計
2380虹光,電子其他/週邊產品
2382廣達,電腦系統業
2383台光電,印刷電路板相關
2385群光,電子零件元件/週邊產品
2387精元,週邊產品
2388威盛,車用電子/顯示器/IC設計
2390云辰,軟體業/LED/消費性電子產品
2392正崴,汽機車零組件/電子零件元件/電力設備/電子通路/週邊產品
2393億光,LED
2395研華,電腦系統業
2397友通,電腦系統業
2399映泰,電腦系統業
2401凌陽,IC設計
2402毅嘉,手機零組件/印刷電路板相關
2404漢唐,電子其他
2405輔信,電腦系統業/輔助與彌補用醫材
2406國碩,太陽能
2408南亞科,IC製造
2409友達,太陽能/面板業
2412中華電,通訊服務
2413環科,被動元件/電子零件元件/光通訊/電腦系統業
2414精技,電子通路
2415錩新,電子零件元件/金融業
2417圓剛,電聲產品/消費性電子產品
2419仲琦,通訊設備/軟體業
2420新巨,電子零件元件
2421建準,電子零件元件
2423固緯,設備儀器廠商
2424隴華,通訊服務
2425承啟,週邊產品/電腦系統業
2426鼎元,光通訊/LED/分離式元件
2427三商電,軟體業/傳產其他
2428興勤,被動元件
2429銘旺科,面板業
2430燦坤,家電/電子通路
2431聯昌,電子零件元件
2433互盛電,電子其他
2434統懋,分離式元件
2436偉詮電,IC設計/電子通路
2438翔耀,家電/面板零組件/電力設備
2439美律,電聲產品
2440太空梭,電子零件元件/電線電纜
2441超豐,IC封裝測試
2442新美齊,地產
2443昶虹,大宗物資/運輸事業/流通業/醫療器材通路
2444兆勁,通訊設備/週邊產品
2449京元電子,IC封裝測試
2450神腦,電子通路
2451創見,電子零件元件
2453凌群,軟體業/INTERNET技術與基礎設施
2454聯發科,手機零組件/IC設計
2455全新,IC製造
2457飛宏,電子零件元件
2458義隆,IC設計
2459敦吉,電子通路/設備儀器廠商
2460建通,電子零件元件
2461光群雷,面板零組件/電子其他
2462良得電,電子零件元件
2464盟立,機械/電子通路/設備儀器廠商
2465麗臺,電腦系統業
2466冠西電,光通訊/LED
2467志聖,設備儀器廠商
2468華經,軟體業
2471資通,軟體業
2472立隆電,被動元件
2474可成,電子零件元件
2476鉅祥,電子零件元件
2477美隆電,電子零件元件
2478大毅,被動元件
2480敦陽科,軟體業/INTERNET技術與基礎設施
2481強茂,分離式元件
2482連宇,週邊產品
2483百容,電子零件元件/電力設備/封測服務與材料
2484希華,被動元件
2485兆赫,通訊設備/消費性電子產品
2486一詮,面板零組件/LED/封測服務與材料
2488漢平,電子零件元件
2489瑞軒,顯示器/週邊產品
2491吉祥全,LED
2492華新科,被動元件
2493揚博,電子通路/設備儀器廠商
2495普安,週邊產品
2496卓越,服務業
2497怡利電,車用電子
2498宏達電,軟體業/手機/消費性電子產品/穿戴式裝置
2501國建,地產
2504國產,水泥/資產股
2505國揚,地產
2506太設,地產
2509全坤建,地產
2511太子,營造工程/地產/旅館、餐飲
2514龍邦,地產
2515中工,營造工程
2516新建,營造工程
2520冠德,營造工程/地產
2524京城,地產
2527宏璟,地產
2528皇普,地產
2530華建,地產
2534宏盛,地產
2535達欣工,營造工程
2536宏普,地產
2537聯上發,地產
2538基泰,地產
2539櫻花建,地產
2540愛山林,營造工程/地產
2542興富發,地產
2543皇昌,營造工程
2545皇翔,地產
2546根基,營造工程
2547日勝生,地產
2548華固,地產
2596綠意,地產
2597潤弘,營造工程/建材
2601益航,運輸事業/流通業
2603長榮,運輸事業
2605新興,運輸事業
2606裕民,運輸事業
2607榮運,運輸事業/資產股/其他公用事業
2608嘉里大榮,運輸事業
2609陽明,運輸事業
2610華航,運輸事業
2611志信,運輸事業/地產/旅館、餐飲/流通業
2612中航,運輸事業
2613中櫃,運輸事業
2614東森,INTERNET應用與服務/運輸事業/休閒娛樂/無店舖販售/傳播事業/食品加工/旅館、餐飲/時尚產業/傳產其他
2615萬海,運輸事業
2616山隆,運輸事業/其他公用事業
2617台航,運輸事業
2618長榮航,運輸事業
2630亞航,機械
2633台灣高鐵,運輸事業
2634漢翔,機械/航天軍工
2636台驊投控,運輸事業
2637慧洋-KY,運輸事業
2640大車隊,運輸事業/車輛整車
2641正德,運輸事業
2642宅配通,運輸事業
2643捷迅,運輸事業
2645長榮航太,機械/航天軍工
2701萬企,休閒娛樂/地產
2702華園,旅館、餐飲
2704國賓,旅館、餐飲
2705六福,休閒娛樂/資產股/旅館、餐飲
2706第一店,地產/旅館、餐飲
2707晶華,旅館、餐飲
2712遠雄來,旅館、餐飲
2718晶悅,地產
2719燦星旅,休閒娛樂
2722夏都,旅館、餐飲
2723美食-KY,食品加工/旅館、餐飲
2724富驛-KY,旅館、餐飲
2726雅茗-KY,旅館、餐飲
2727王品,旅館、餐飲
2729瓦城,旅館、餐飲
2731雄獅,休閒娛樂
2732六角,旅館、餐飲
2734易飛網,INTERNET應用與服務/休閒娛樂
2736富野,旅館、餐飲
2739寒舍,旅館、餐飲
2740天蔥,旅館、餐飲
2743山富,休閒娛樂
2745五福,休閒娛樂
2748雲品,旅館、餐飲
2752豆府,旅館、餐飲
2753八方雲集,旅館、餐飲
2754亞洲藏壽司,旅館、餐飲
2755揚秦,旅館、餐飲
2756聯發國際,旅館、餐飲
2801彰銀,金融業
2809京城銀,金融業
2812台中銀,金融業
2816旺旺保,金融業
2820華票,金融業
2832台產,金融業
2834臺企銀,金融業
2836高雄銀,金融業
2838聯邦銀,金融業
2845遠東銀,金融業
2849安泰銀,金融業
2850新產,金融業
2851中再保,金融業
2852第一保,金融業
2855統一證,金融業
2867三商壽,金融業
2880華南金,金融業
2881富邦金,金融業
2882國泰金,金融業
2883開發金,金融業
2884玉山金,金融業
2885元大金,金融業
2886兆豐金,金融業
2887台新金,金融業
2888新光金,金融業
2889國票金,金融業
2890永豐金,金融業
2891中信金,金融業/服務業
2892第一金,金融業
2897王道銀行,金融業
2901欣欣,休閒娛樂/資產股/地產/流通業
2903遠百,流通業
2904匯僑,電力/石油及天然氣
2905三商,控股公司
2906高林,成衣/家居用品/流通業
2908特力,流通業
2910統領,地產/流通業
2911麗嬰房,傳產其他
2912統一超,流通業
2913農林,營造工程/農林漁牧/資產股/食品加工/流通業
2915潤泰全,成衣/控股公司/紡織中游/流通業
2916滿心,成衣
2923鼎固-KY,地產
2924宏太-KY,傳產其他
2926誠品生活,旅館、餐飲/流通業/文化創意產業
2929淘帝-KY,傳產其他
2937集雅社,家電
2939凱羿-KY,流通業
2945三商家購,流通業
2947振宇五金,流通業
3002歐格,電子零件元件/遊戲產業
3003健和興,電子零件元件
3004豐達科,線材、盤元/航天軍工
3005神基,車用金屬成型/電子零件元件/電腦系統業
3006晶豪科,IC設計
3008大立光,數位相機
3010華立,電子通路
3011今皓,電子零件元件
3013晟銘電,電子零件元件
3014聯陽,IC設計
3015全漢,電子零件元件
3016嘉晶,IC製造
3017奇鋐,電子零件元件
3018同開,電子其他/地產
3019亞光,數位相機/傳產其他
3021鴻名,電子零件元件/軟體業
3022威強電,電腦系統業
3023信邦,電子零件元件
3024憶聲,家電/車用電子/資產股
3025星通,通訊設備/光通訊
3026禾伸堂,被動元件/電子通路
3027盛達,電子零件元件/通訊設備/太陽能/電力
3028增你強,電子通路
3029零壹,軟體業/INTERNET技術與基礎設施
3030德律,設備儀器廠商
3031佰鴻,LED
3032偉訓,電子零件元件/週邊產品
3033威健,電子通路
3034聯詠,手機零組件/IC設計
3035智原,IC設計
3036文曄,電子通路
3037欣興,印刷電路板相關/封測服務與材料
3038全台,面板業
3040遠見,消費性電子產品/地產
3041揚智,IC設計
3042晶技,被動元件
3043科風,電子零件元件
3044健鼎,印刷電路板相關
3045台灣大,通訊服務/INTERNET應用與服務/無店舖販售/傳播事業
3047訊舟,通訊設備
3048益登,電子通路
3049和鑫,面板業
3050鈺德,太陽能/休閒娛樂/光碟片/旅館、餐飲
3051力特,面板零組件
3052夆典,營造工程/地產
3054立萬利,生物科技
3055蔚華科,設備儀器廠商
3056總太,地產
3057喬鼎,週邊產品
3058立德,電子零件元件
3059華晶科,車用電子/數位相機/手機零組件/IC設計/消費性電子產品/診斷與監測用醫材
3060銘異,週邊產品
3062建漢,通訊設備/消費性電子產品
3064泰偉,遊戲產業
3066李洲,LED
3067全域,電子零件元件
3071協禧,電子零件元件
3073天方能源,太陽能/電力
3078僑威,電子零件元件
3081聯亞,IC製造
3083網龍,遊戲產業
3085新零售,INTERNET應用與服務/運輸事業
3086華義,遊戲產業/文化創意產業
3088艾訊,顯示器/電腦系統業
3089億杰,太陽能/航天軍工
3090日電貿,被動元件/電子通路
3092鴻碩,電子零件元件
3093港建*,設備儀器廠商
3094聯傑,IC設計
3095及成,電子零件元件
3105穩懋,IC製造
3114好德,電子零件元件/電子通路
3115富榮綱,印刷電路板相關
3118進階,生物科技/體外診斷用醫材
3122笙泉,IC設計
3128昇銳,車用電子/消費性電子產品
3130一零四,服務業/醫療管理服務
3131弘塑,電子化工材料/設備儀器廠商
3138耀登,通訊設備/設備儀器廠商
3141晶宏,IC設計
3147大綜,軟體業/電子通路
3149正達,面板零組件/建材/汽車內裝
3152璟德,通訊設備
3162精確,汽機車零組件
3163波若威,光通訊
3164景岳,生物科技/化學工業
3167大量,印刷電路板相關/設備儀器廠商
3169亞信,IC設計
3171新洲,石化業/化學工業
3176基亞,體外診斷用醫材/醫藥產業
3178公準,機械
3188鑫龍騰,地產
3189景碩,封測服務與材料/輔助與彌補用醫材
3191和進,電子零件元件
3202樺晟,電子零件元件
3205佰研,生物科技/食品加工/流通業
3206志豐,電聲產品
3207耀勝,被動元件/電子零件元件
3209全科,IC設計/電子通路
3211順達,汽機車零組件/電子零件元件/資產股/電力設備
3213茂訊,電子通路/電腦系統業
3217優群,電子零件元件
3218大學光,醫療管理服務
3219倚強科,設備儀器廠商
3221台嘉碩,被動元件
3224三顧,生物科技/電子通路
3226至寶電,汽機車零組件
3227原相,IC設計
3228金麗科,IC設計
3229晟鈦,印刷電路板相關
3230錦明,電子零件元件
3231緯創,電腦系統業
3232昱捷,IC設計/電子通路/分離式元件
3234光環,IC製造/光通訊
3236千如,被動元件
3252海灣,旅館、餐飲
3257虹冠電,IC設計/分離式元件
3259鑫創,IC設計
3260威剛,電子零件元件/週邊產品
3264欣銓,IC封裝測試
3265台星科,IC封裝測試
3266昇陽,地產
3268海德威,IC設計
3272東碩,週邊產品
3276宇環,印刷電路板相關
3284太普高,傳產其他
3285微端,電子零件元件/面板業
3287廣寰科,電聲產品/週邊產品
3288點晶,IC設計
3289宜特,設備儀器廠商
3290東浦,電子零件元件
3293鈊象,遊戲產業
3294英濟,電子零件元件
3296勝德,電子零件元件
3297杭特,消費性電子產品
3303岱稜,電子其他
3305昇貿,印刷電路板相關/封測服務與材料
3306鼎天,通訊設備
3308聯德,電子零件元件
3310佳穎,車用金屬成型/電子零件元件/封測服務與材料
3311閎暉,汽機車零組件/穿戴式裝置
3312弘憶股,電子通路
3313斐成,大宗物資/農林漁牧
3317尼克森,分離式元件
3321同泰,印刷電路板相關
3322建舜電,電子零件元件/週邊產品
3323加百裕,電子零件元件/電力設備
3324雙鴻,電子零件元件
3325旭品,電子零件元件
3332幸康,電子零件元件
3338泰碩,電子零件元件
3339泰谷,LED
3346麗清,LED
3349寶德,電聲產品/週邊產品
3354律勝,印刷電路板相關
3356奇偶,消費性電子產品
3357臺慶科,被動元件/電子零件元件
3360尚立,數位相機/電子通路
3362先進光,數位相機
3363上詮,光通訊
3372典範,IC封裝測試
3373熱映,設備儀器廠商/診斷與監測用醫材
3374精材,IC封裝測試
3376新日興,電子零件元件
3379彬台,機械
3380明泰,通訊設備
3388崇越電,化學工業
3390旭軟,印刷電路板相關
3402漢科,電子其他
3406玉晶光,數位相機/LED
3413京鼎,設備儀器廠商
3416融程電,電腦系統業
3419譁裕,通訊設備/光通訊
3426台興,電力設備/電子通路
3430奇鈦科,化學工業
3432台端,電子零件元件
3434哲固,消費性電子產品/電腦系統業
3437榮創,LED
3438類比科,IC設計
3441聯一光,數位相機/傳產其他
3443創意,IC設計
3444利機,電子通路
3447展達,通訊設備/光通訊/消費性電子產品
3450聯鈞,IC封裝測試/光通訊
3454晶睿,消費性電子產品
3455由田,設備儀器廠商
3465進泰電子,電子零件元件
3466致振,消費性電子產品
3479安勤,電腦系統業
3481群創,面板業
3483力致,電子零件元件
3484崧騰,電子零件元件
3489森寶,營造工程/地產
3490單井,太陽能/設備儀器廠商
3491昇達科,通訊設備
3492長盛,電子零件元件
3494誠研,週邊產品
3498陽程,機械/設備儀器廠商
3499環天科,通訊設備
3501維熹,電子零件元件
3504揚明光,顯示器/數位相機/週邊產品
3508位速,電子零件元件/設備儀器廠商
3511矽瑪,電子零件元件
3512皇龍,電子零件元件/地產
3515華擎,電腦系統業
3516亞帝歐,電子零件元件/LED
3518柏騰,電子零件元件
3520華盈,電子零件元件/通訊設備/軟體業
3521鴻翊,營造工程/電腦系統業
3522御頂,旅館、餐飲
3523迎輝,面板零組件
3526凡甲,電子零件元件
3527聚積,IC設計
3528安馳,電子通路
3529力旺,IC設計
3530晶相光,IC設計
3531先益,面板零組件
3532台勝科,IC製造
3533嘉澤,電子零件元件
3535晶彩科,設備儀器廠商
3536誠創,分離式元件
3537堡達,被動元件/電子通路
3540曜越,電子零件元件
3541西柏,消費性電子產品
3543州巧,家居用品/電子零件元件
3545敦泰,手機零組件/IC設計
3546宇峻,遊戲產業
3548兆利,電子零件元件
3550聯穎,電子零件元件
3551世禾,設備儀器廠商
3552同致,車用電子
3555重鵬,食品加工/電子通路
3556禾瑞亞,IC設計
3557嘉威,家居用品
3558神準,通訊設備
3563牧德,設備儀器廠商
3564其陽,通訊設備
3567逸昌,IC封裝測試
3570大塚,軟體業
3576聯合再生,太陽能
3577泓格,電腦系統業
3580友威科,設備儀器廠商
3581博磊,設備儀器廠商/封測服務與材料
3583辛耘,IC製造/設備儀器廠商
3587閎康,設備儀器廠商
3588通嘉,IC設計
3591艾笛森,LED
3592瑞鼎,手機零組件/IC設計
3593力銘,電子零件元件
3594磐儀,電腦系統業
3596智易,通訊設備/消費性電子產品
3597映興,電子零件元件/電子通路
3605宏致,電子零件元件
3607谷崧,電子零件元件
3609三一東林,電子零件元件/車輛整車
3611鼎翰,週邊產品
3615安可,面板零組件
3617碩天,電子零件元件/週邊產品
3622洋華,電線電纜/面板業
3623富晶通,面板業
3624光頡,被動元件
3625西勝,電子零件元件/電力設備
3628盈正,電子零件元件/電力設備
3629地心引力,遊戲產業
3630新鉅科,數位相機
3631晟楠,印刷電路板相關/封測服務與材料
3632研勤,車用電子/旅館、餐飲
3642駿熠電,橡膠工業/手機零組件
3645達邁,印刷電路板相關
3646艾恩特,機械/電子零件元件
3652精聯,電腦系統業
3653健策,電子零件元件/封測服務與材料
3661世芯-KY,IC設計
3663鑫科,電子化工材料/傳產其他
3664安瑞-KY,通訊設備/軟體業
3665貿聯-KY,電子零件元件/電線電纜
3666光耀,面板零組件
3669圓展,消費性電子產品
3672康聯訊,光通訊
3673TPK-KY,面板零組件/面板業
3675德微,分離式元件
3679新至陞,電子零件元件
3680家登,車輛整車/設備儀器廠商
3682亞太電,通訊服務
3684榮昌,電子零件元件/通訊設備
3685元創精密,汽機車零組件
3686達能,太陽能
3687歐買尬,軟體業/遊戲產業/文化創意產業
3689湧德,電子零件元件
3691碩禾,太陽能
3693營邦,電子零件元件/電腦系統業
3694海華,通訊設備
3701大眾控,車用電子/控股公司/消費性電子產品/電腦系統業
3702大聯大,控股公司/電子通路
3703欣陸,營造工程/控股公司
3704合勤控,通訊設備/光通訊/控股公司
3705永信,控股公司/生物科技/醫藥產業
3706神達,車用電子/通訊設備/控股公司/週邊產品/電腦系統業
3707漢磊,IC製造/控股公司
3708上緯投控,化學工業/傳產其他
3709鑫聯大投控,電子通路
3710連展投控,電子零件元件/通訊設備/控股公司
3711日月光投控,IC封裝測試
3712永崴投控,電子零件元件/數位相機/光通訊/控股公司/電力/電子其他/電子通路/週邊產品
3713新晶投控,太陽能
3714富采,LED
3715定穎投控,控股公司/印刷電路板相關
4102永日,生物科技/醫藥產業
4104佳醫,手術與治療用醫材/醫藥產業/醫療器材通路/醫療管理服務
4105東洋,醫藥產業
4106雃博,手術與治療用醫材/輔助與彌補用醫材
4107邦特,手術與治療用醫材/其他醫療器材
4108懷特,生物科技/醫藥產業
4109加捷生醫,生物科技
4111濟生,醫藥產業
4113聯上,地產
4114健喬,生物科技/醫藥產業
4116明基醫,其他醫療器材/診斷與監測用醫材/輔助與彌補用醫材
4119旭富,醫藥產業
4120友華,生物科技/醫藥產業
4121優盛,體外診斷用醫材/醫藥產業/診斷與監測用醫材
4123晟德,醫藥產業
4126太醫,其他醫療器材
4127天良,生物科技/醫藥產業
4128中天,生物科技/醫藥產業
4129聯合,輔助與彌補用醫材
4130健亞,醫藥產業
4131晶宇,體外診斷用醫材
4133亞諾法,體外診斷用醫材/醫藥產業
4137麗豐-KY,時尚產業
4138曜亞,手術與治療用醫材/醫療器材通路
4139馬光-KY,醫療管理服務
4142國光生,醫藥產業
4147中裕,醫藥產業
4148全宇生技-KY,生物科技/化學工業
4153鈺緯,顯示器/電腦系統業
4154樂威科-KY,傳產其他
4155訊映,體外診斷用醫材
4157太景*-KY,醫藥產業
4160創源,生物科技/診斷與監測用醫材/醫療管理服務
4161聿新科,生物科技/體外診斷用醫材/時尚產業
4162智擎,醫藥產業
4163鐿鈦,其他醫療器材/輔助與彌補用醫材/傳產其他
4164承業醫,控股公司/醫藥產業/醫療器材通路/醫療管理服務
4167松瑞藥,醫藥產業
4168醣聯,醫藥產業
4171瑞基,生物科技/體外診斷用醫材
4173久裕,醫藥產業
4174浩鼎,醫藥產業
4175杏一,醫藥產業/醫療器材通路
4183福永生技,體外診斷用醫材
4188安克,診斷與監測用醫材
4190佐登-KY,時尚產業
4192杏國,醫藥產業
4198欣大健康,診斷與監測用醫材
4205中華食,食品加工
4207環泰,大宗物資
4303信立,石化業
4304勝昱,石化業/化學工業
4305世坤,石化業
4306炎洲,石化業/化學工業
4401東隆興,化纖原料/紡織中游
4402福大,紡織中游
4406新昕纖,化纖原料
4413飛寶企業,成衣/紡織中游
4414如興,成衣
4416三圓,地產
4417金洲,紡織中游
4419元勝,紡織中游/旅館、餐飲
4420光明,化纖原料
4426利勤,紡織中游/傳產其他
4430耀億,化纖原料/紡織中游
4432銘旺實,成衣
4433興采,成衣/紡織中游
4438廣越,成衣/紡織中游
4439冠星-KY,紡織中游
4440宜新實業,紡織中游
4502健信,汽機車零組件
4503金雨,電力設備/電腦系統業/傳產其他
4506崇友,建材
4510高鋒,機械
4513福裕,機械
4523永彰,機械/電力設備/汽車內裝
4526東台,機械/印刷電路板相關
4527方土霖,機械
4528江興鍛,機械/汽機車零組件/車用金屬成型
4529淳紳,車輛整車
4530宏易,汽車內裝/旅館、餐飲
4532瑞智,機械
4533協易機,機械
4534慶騰,傳產其他
4535至興,汽機車零組件/汽車內裝
4536拓凱,航天軍工/傳產其他/運動產業
4538大詠城,機械
4540全球傳動,機械
4541晟田,機械/航天軍工
4542科嶠,設備儀器廠商
4543萬在,汽機車零組件/汽車內裝
4545銘鈺,機械/電子零件元件
4549桓達,機械
4550長佳,營造工程/休閒娛樂/電力設備
4551智伸科,汽機車零組件/傳產其他
4552力達-KY,機械
4554橙的,車用電子
4555氣立,機械
4556旭然,水資源
4557永新-KY,汽機車零組件
4558寶緯,非鐵金屬/建材
4560強信-KY,機械
4561健椿,機械
4562穎漢,機械
4563百德,機械
4564元翎,汽車內裝/傳產其他
4566時碩工業,汽機車零組件/傳產其他
4568科際精密,機械
4571鈞興-KY,機械
4572駐龍,機械
4576大銀微系統,機械
4577達航科技,印刷電路板相關/電腦系統業
4580捷流閥業,機械
4581光隆精密-KY,汽機車零組件/車用金屬成型/電力
4583台灣精銳,機械
4584君帆,機械
4609唐鋒,家電
4702中美實,化學工業/車輛整車/流通業
4706大恭,化學工業
4707磐亞,化學工業
4711永純,化學工業
4712南璋,機械/消費性電子產品/診斷與監測用醫材
4714永捷,化學工業
4716大立,化學工業
4720德淵,化學工業
4721美琪瑪,電池材料相關/化學工業
4722國精化,化學工業
4726永昕,醫藥產業
4728雙美,時尚產業/輔助與彌補用醫材
4729熒茂,面板業
4735豪展,其他醫療器材/診斷與監測用醫材
4736泰博,體外診斷用醫材
4737華廣,體外診斷用醫材
4739康普,電池材料相關/電子化工材料/化學工業
4741泓瀚,化學工業
4743合一,醫藥產業
4744皇將,機械
4745合富-KY,醫療器材通路
4746台耀,醫藥產業
4747強生,醫藥產業
4754國碳科,化學工業/傳產其他
4755三福化,電子化工材料/化學工業
4760勤凱,被動元件/太陽能
4763材料-KY,化纖原料
4764雙鍵,化學工業
4766南寶,化學工業
4767誠泰科技,化學工業
4768晶呈科技,化學工業
4770上品,化學工業/傳產其他
4804大略-KY,服務業/旅館、餐飲
4806昇華,傳播事業
4807日成-KY,時尚產業
4903聯光通,光通訊
4904遠傳,通訊服務
4905台聯電,通訊設備/光通訊
4906正文,通訊設備
4907富宇,地產
4908前鼎,光通訊
4909新復興,印刷電路板相關
4911德英,生物科技/醫藥產業
4912聯德控股-KY,車用金屬成型/電子零件元件
4915致伸,車用電子/電聲產品/週邊產品
4916事欣科,航天軍工/遊戲產業/電腦系統業
4919新唐,IC製造/IC設計
4923力士,分離式元件
4924欣厚-KY,電子零件元件/生物科技
4927泰鼎-KY,印刷電路板相關
4930燦星網,家電
4931新盛力,汽機車零組件/電力設備
4933友輝,面板零組件
4934太極,太陽能
4935茂林-KY,面板零組件/電子零件元件
4938和碩,車用電子/通訊設備/手機/消費性電子產品/穿戴式裝置/遊戲產業/電腦系統業
4939亞電,印刷電路板相關
4942嘉彰,電子零件元件
4943康控-KY,汽機車零組件/電聲產品/控股公司
4944兆遠,LED
4945陞達科技,IC設計/電子通路
4946辣椒,遊戲產業
4950牧東,家居用品
4951精拓科,IC設計
4952凌通,車用電子/電子零件元件/IC設計
4953緯軟,軟體業/INTERNET技術與基礎設施
4956光鋐,LED
4958臻鼎-KY,印刷電路板相關
4960誠美材,面板零組件
4961天鈺,手機零組件/IC設計
4966譜瑞-KY,傳輸介面/IC設計
4967十銓,電子零件元件/週邊產品
4968立積,射頻前端晶片
4971IET-KY,IC製造
4972湯石照明,家電/LED
4973廣穎,電子零件元件
4974亞泰,數位相機
4976佳凌,數位相機
4977眾達-KY,光通訊
4979華星光,光通訊
4987科誠,週邊產品
4989榮科,印刷電路板相關
4991環宇-KY,IC製造
4994傳奇,遊戲產業
4995晶達,顯示器/面板業
4999鑫禾,電子零件元件
5007三星,線材、盤元
5009榮剛,不鏽鋼/合金鋼
5011久陽,線材、盤元
5013強新,線材、盤元/不鏽鋼
5014建錩,不鏽鋼
5015華祺,不鏽鋼
5016松和,線材、盤元/條鋼
5201凱衛,軟體業
5202力新,軟體業/醫療器材通路
5203訊連,軟體業/INTERNET技術與基礎設施
5205中茂,營造工程/水資源
5206坤悅,地產
5209新鼎,軟體業/INTERNET技術與基礎設施
5210寶碩,軟體業/電力
5211蒙恬,週邊產品
5212凌網,軟體業/消費性電子產品
5213亞昕,地產
5215科嘉-KY,週邊產品
5220萬達光電,面板業
5222全訊,IC製造/射頻前端晶片
5223安力-KY,電子零件元件
5225東科-KY,電子零件元件
5227立凱-KY,電池材料相關
5228鈺鎧,被動元件
5230雷笛克光學,電子零件元件/LED
5234達興材料,電子化工材料
5236凌陽創新,IC設計
5243乙盛-KY,車用金屬成型/電子零件元件
5244弘凱,LED
5245智晶,面板業
5251天鉞電,消費性電子產品
5258虹堡,電腦系統業
5263智崴,軟體業/遊戲產業
5269祥碩,傳輸介面/IC設計
5272笙科,IC設計
5274信驊,IC設計
5276達輝-KY,汽機車零組件/傳產其他
5278尚凡,INTERNET應用與服務
5281大峽谷-KY,LED
5283禾聯碩,家電/顯示器
5284jpp-KY,電子零件元件
5285界霖,封測服務與材料
5287數字,INTERNET應用與服務/服務業/車輛整車/地產
5288豐祥-KY,汽機車零組件/車用金屬成型
5289宜鼎,電子零件元件/週邊產品
5291邑昇,機械/印刷電路板相關
5299杰力,IC設計/分離式元件
5301寶得利,旅館、餐飲/時尚產業
5302太欣,IC設計
5306桂盟,機械
5309系統電,汽機車零組件/車用電子/電子零件元件/電力設備/週邊產品/電腦系統業
5310天剛,軟體業/遊戲產業
5312寶島科,傳產其他
5314世紀,車用電子/IC設計/消費性電子產品
5315光聯,面板業
5321美而快,INTERNET應用與服務
5324士開,地產/旅館、餐飲
5328華容,被動元件
5340建榮,印刷電路板相關
5344立衛,IC封裝測試
5345天揚,家居用品/電力設備
5347世界,IC製造
5348系通,通訊設備
5351鈺創,IC設計
5353台林,車用電子/通訊設備/電腦系統業
5355佳總,LED/印刷電路板相關
5356協益,電子零件元件/週邊產品
5364力麗店,旅館、餐飲
5371中光電,面板零組件/顯示器
5381合正,印刷電路板相關
5383金利,電子零件元件/LED/封測服務與材料
5386青雲,電子通路
5388中磊,通訊設備
5392能率,機械/汽機車零組件/電子零件元件
5398慕康生醫,生物科技/醫藥產業/醫療器材通路
5403中菲,軟體業
5410國眾,軟體業/傳產其他
5425台半,分離式元件/週邊產品
5426振發,電子零件元件
5432新門,面板業
5434崇越,營造工程/電子通路
5438東友,電子其他/週邊產品
5439高技,印刷電路板相關
5443均豪,機械/設備儀器廠商
5450南良,電子零件元件/紡織中游
5452佶優,石化業/電子通路
5455昇益,地產
5457宣德,電子零件元件/電聲產品/電腦系統業
5460同協,電子零件元件
5464霖宏,印刷電路板相關
5465富驊,電子零件元件
5468凱鈺,IC設計
5469瀚宇博,印刷電路板相關/電腦系統業
5471松翰,IC設計
5474聰泰,消費性電子產品
5475德宏,印刷電路板相關
5478智冠,軟體業/傳播事業/遊戲產業
5481新華,服務業/地產
5483中美晶,IC製造/太陽能
5484慧友,消費性電子產品
5487通泰,IC設計
5488松普,電子零件元件
5489彩富,消費性電子產品
5490同亨,電腦系統業
5493三聯,電子化工材料/設備儀器廠商
5498凱崴,印刷電路板相關/電腦系統業
5508永信建,地產
5511德昌,營造工程
5512力麒,營造工程/地產/旅館、餐飲
5514三豐,地產
5515建國,營造工程
5516雙喜,營造工程
5519隆大,地產
5520力泰,水泥
5521工信,營造工程
5522遠雄,地產
5523豐謙,地產
5525順天,地產
5529鉅陞,地產
5530龍巖,服務業
5531鄉林,地產/旅館、餐飲
5533皇鼎,地產
5534長虹,地產
5536聖暉*,營造工程/電子其他
5538東明-KY,不鏽鋼
5543桓鼎-KY,電子零件元件/電力設備/建材
5546永固-KY,水泥
5601台聯櫃,運輸事業
5603陸海,運輸事業/其他公用事業
5604中連,地產
5607遠雄港,運輸事業/控股公司/地產
5608四維航,運輸事業
5609中菲行,運輸事業
5701劍湖山,休閒娛樂/旅館、餐飲
5703亞都,旅館、餐飲
5704老爺知,旅館、餐飲
5706鳳凰,休閒娛樂
5864致和證,金融業
5871中租-KY,金融業/控股公司/車輛整車
5876上海商銀,金融業
5878台名,金融業
5880合庫金,金融業
5902德記,飲料相關/流通業
5903全家,流通業
5904寶雅,流通業
5905南仁湖,休閒娛樂/服務業/旅館、餐飲
5906台南-KY,成衣/運動產業
5907大洋-KY,流通業
6005群益證,金融業
6015宏遠證,金融業
6016康和證,金融業
6020大展證,金融業
6021美好證,金融業
6023元大期,金融業
6024群益期,金融業
6026福邦證,金融業
6101寬魚國際,傳播事業
6103合邦,IC製造/IC設計
6104創惟,傳輸介面/IC設計
6108競國,印刷電路板相關
6109亞元,電子零件元件
6111大宇資,遊戲產業
6112邁達特,軟體業
6113亞矽,電子通路
6114久威,電子通路
6115鎰勝,電子零件元件
6116彩晶,面板業
6117迎廣,電子零件元件
6118建達,電子通路
6120達運,面板零組件/面板業
6121新普,汽機車零組件/電子零件元件/電力設備
6122擎邦,營造工程/電子其他
6123上奇,軟體業/電子通路
6124業強,電子零件元件
6125廣運,機械/太陽能/設備儀器廠商
6126信音,電子零件元件
6127九豪,被動元件
6128上福,週邊產品
6129普誠,IC設計
6130星寶國際,醫藥產業/醫療器材通路/醫療管理服務
6133金橋,電子零件元件
6134萬旭,電子零件元件/通訊設備/手機
6136富爾特,軟體業/INTERNET應用與服務/電子通路
6138茂達,IC設計
6139亞翔,電子其他
6140訊達,軟體業
6141柏承,印刷電路板相關
6142友勁,通訊設備
6143振曜,電子零件元件/通訊設備/電聲產品/面板業/消費性電子產品
6144得利影,旅館、餐飲/文化創意產業
6146耕興,被動元件/設備儀器廠商
6147頎邦,IC封裝測試/封測服務與材料
6148驊宏資,軟體業/電子通路
6150撼訊,電腦系統業
6151晉倫,傳產其他
6152百一,車用電子/通訊設備/消費性電子產品
6153嘉聯益,印刷電路板相關
6154順發,電子通路
6155鈞寶,被動元件
6156松上,電子零件元件/印刷電路板相關
6158禾昌,電子零件元件
6160欣技,電腦系統業
6161捷波,電腦系統業
6163華電網,軟體業
6164華興,LED
6165浪凡,INTERNET應用與服務
6166凌華,機械/軟體業/電腦系統業
6167久正,面板業
6168宏齊,LED
6169昱泉,遊戲產業
6170統振,電子零件元件/金融業/電子通路
6171大城地產,地產
6173信昌電,被動元件
6175立敦,被動元件
6176瑞儀,面板零組件
6177達麗,地產
6179亞通,營造工程
6180橘子,軟體業/INTERNET應用與服務/遊戲產業
6182合晶,IC製造
6183關貿,軟體業/INTERNET技術與基礎設施
6184大豐電,傳播事業
6185幃翔,電子零件元件
6186新潤,地產
6187萬潤,設備儀器廠商
6188廣明,週邊產品
6189豐藝,顯示器/電子通路
6190萬泰科,電子零件元件
6191精成科,印刷電路板相關/電腦系統業
6192巨路,電子通路/設備儀器廠商
6194育富,印刷電路板相關
6195詩肯,流通業
6196帆宣,電子其他/設備儀器廠商
6197佳必琪,電子零件元件
6198瑞築,IC設計/地產
6199天品,服務業/地產
6201亞弘電,家電/電子零件元件
6202盛群,IC設計
6203海韻電,電子零件元件
6204艾華,被動元件/電子零件元件
6205詮欣,電子零件元件
6206飛捷,週邊產品/電腦系統業
6207雷科,被動元件/設備儀器廠商
6208日揚,設備儀器廠商
6209今國光,數位相機
6210慶生,印刷電路板相關
6212理銘,地產
6213聯茂,印刷電路板相關
6214精誠,軟體業/INTERNET技術與基礎設施
6215和椿,機械/設備儀器廠商
6216居易,通訊設備
6217中探針,封測服務與材料
6218豪勉,軟體業/設備儀器廠商
6219富旺,地產
6220岳豐,電子零件元件
6221晉泰,軟體業/INTERNET技術與基礎設施
6222上揚,家電/LED
6223旺矽,設備儀器廠商/封測服務與材料
6224聚鼎,被動元件/LED
6225天瀚,車用電子/顯示器
6226光鼎,LED
6227茂綸,電子通路
6228全譜,營造工程/體外診斷用醫材/建材/週邊產品
6229研通,IC設計
6230尼得科超眾,電子零件元件
6231系微,軟體業/IC設計
6233旺玖,傳輸介面/IC設計
6234高僑,印刷電路板相關/設備儀器廠商
6235華孚,汽機車零組件/電子零件元件
6236康呈,生物科技/時尚產業
6237驊訊,IC設計
6239力成,IC封裝測試
6240松崗,軟體業/地產
6241易通展,通訊設備
6242立康,生物科技/醫藥產業
6243迅杰,IC設計
6244茂迪,太陽能
6245立端,通訊設備
6246臺龍,面板零組件
6248沛波,條鋼
6257矽格,IC封裝測試
6259百徽,被動元件/電子零件元件/電子通路
6261久元,IC封裝測試/設備儀器廠商
6263普萊德,通訊設備/光通訊
6264富裔,地產
6265方土昶,電子通路
6266泰詠,電腦系統業
6269台郡,印刷電路板相關
6270倍微,電子通路
6271同欣電,IC封裝測試/LED/封測服務與材料
6274台燿,印刷電路板相關
6275元山,家電/電子零件元件
6276安鈦克,電子零件元件
6277宏正,消費性電子產品/週邊產品
6278台表科,LED/電腦系統業
6279胡連,汽機車零組件/電子零件元件
6281全國電,家電/電子通路
6282康舒,電子零件元件
6283淳安,數位相機/週邊產品
6284佳邦,電子零件元件/通訊設備
6287元隆,IC製造
6288聯嘉,LED
6290良維,電子零件元件
6291沛亨,電子零件元件/IC設計
6292迅德,電子零件元件
6294智基,服務業
6404通訊-KY,軟體業/傳播事業
6405悅城,面板零組件
6409旭隼,電子零件元件/太陽能
6411晶焱,IC設計
6412群電,電子零件元件
6414樺漢,電腦系統業
6415矽力*-KY,IC設計
6416瑞祺電通,通訊設備
6417韋僑,通訊設備
6418詠昇,電子零件元件
6419京晨科,消費性電子產品
6425易發,設備儀器廠商
6426統新,光通訊
6431光麗-KY,時尚產業
6432今展科,被動元件/電子通路
6435大中,分離式元件
6438迅得,設備儀器廠商
6441廣錠,電力設備/遊戲產業
6442光聖,電子零件元件/光通訊
6443元晶,太陽能
6446藥華藥,醫藥產業
6449鈺邦,被動元件
6451訊芯-KY,IC封裝測試
6456GIS-KY,面板業
6457紘康,IC設計
6461益得,醫藥產業
6462神盾,IC設計
6464台數科,傳播事業
6465威潤,通訊設備
6469大樹,醫藥產業/醫療器材通路
6470宇智,通訊設備
6472保瑞,生物科技/醫藥產業
6477安集,太陽能/電力
6482弘煜科,遊戲產業
6485點序,IC設計
6486互動,軟體業
6488環球晶,IC製造
6491晶碩,輔助與彌補用醫材
6492生華科,醫藥產業
6494九齊,IC設計
6496科懋,醫藥產業/醫療器材通路
6499益安,手術與治療用醫材/診斷與監測用醫材
6504南六,其他醫療器材/紡織中游
6505台塑化,石化業/石油及天然氣
6506雙邦,紡織中游/化學工業
6508惠光,石化業/化學工業
6509聚和,化學工業/傳產其他
6510精測,封測服務與材料
6512啟發電,傳輸介面/消費性電子產品
6514芮特-KY,通訊設備
6515穎崴,封測服務與材料
6516勤崴國際,軟體業
6517保勝光學,數位相機
6523達爾膚,時尚產業
6525捷敏-KY,IC封裝測試
6527明達醫,診斷與監測用醫材
6530創威,光通訊
6531愛普*,IC設計
6532瑞耘,設備儀器廠商
6533晶心科,IC設計
6535順藥,醫藥產業
6538倉和,電子其他
6541泰福-KY,醫藥產業
6542隆中,遊戲產業
6546正基,通訊設備
6547高端疫苗,醫藥產業
6548長科*,封測服務與材料
6550北極星藥業-KY,醫藥產業
6552易華電,封測服務與材料
6556勝品,消費性電子產品
6558興能高,電子零件元件
6560欣普羅,消費性電子產品
6561是方,通訊服務/INTERNET技術與基礎設施
6568宏觀,IC設計
6569醫揚,電腦系統業
6570維田,電腦系統業
6573虹揚-KY,分離式元件
6574霈方,時尚產業
6576逸達,醫藥產業
6577勁豐,顯示器/電腦系統業
6578達邦蛋白,生物科技/農林漁牧
6579研揚,電腦系統業
6581鋼聯,傳產其他
6582申豐,橡膠工業
6585鼎基,化學工業
6588東典光電,光通訊
6589台康生技,醫藥產業
6590普鴻,軟體業
6591動力-KY,電子零件元件
6592和潤企業,金融業/車輛整車
6593台灣銘板,電子其他/傳產其他
6594展匯科,傳輸介面/IC設計
6596寬宏藝術,休閒娛樂/傳播事業/文化創意產業
6598ABC-KY,體外診斷用醫材
6603富強鑫,機械
6605帝寶,汽機車零組件
6609瀧澤科,機械
6612奈米醫材,輔助與彌補用醫材
6613朋億*,設備儀器廠商
6615慧智,生物科技
6616特昇-KY,家居用品
6624萬年清,營造工程
6625必應,傳播事業
6629泰金-KY,傳產其他
6640均華,設備儀器廠商
6641基士德-KY,機械/水資源
6642富致,被動元件
6643M31,IC設計
6649台生材,輔助與彌補用醫材
6651全宇昕,分離式元件
6654天正國際,設備儀器廠商
6655科定,建材
6661威健生技,生物科技/體外診斷用醫材
6662樂斯科,體外診斷用醫材/診斷與監測用醫材
6664群翊,設備儀器廠商
6666羅麗芬-KY,時尚產業
6667信紘科,設備儀器廠商
6668中揚光,機械/數位相機
6669緯穎,電腦系統業
6670復盛應用,運動產業
6671三能-KY,傳產其他
6672騰輝電子-KY,印刷電路板相關
6674鋐寶科技,通訊設備/消費性電子產品
6679鈺太,IC設計
6680鑫創電子,電腦系統業
6683雍智科技,封測服務與材料
6684安格,IC設計
6689伊雲谷,電子通路/INTERNET技術與基礎設施
6691洋基工程,電子其他
6693廣閎科,IC設計/分離式元件
6695芯鼎,IC設計
6697東捷資訊,軟體業
6698旭暉應材,電子零件元件/設備儀器廠商
6703軒郁,INTERNET應用與服務/時尚產業
6706惠特,設備儀器廠商
6708天擎,IC設計
6712長聖,醫藥產業
6715嘉基,電子零件元件/傳輸介面
6716應廣,IC設計
6719力智,IC設計/分離式元件
6721信實,服務業/地產
6727亞泰金屬,設備儀器廠商
6728上洋,家電/服務業
6732昇佳電子,IC設計
6733博晟生醫,輔助與彌補用醫材
6735美達科技,設備儀器廠商
674191APP*-KY,軟體業/INTERNET技術與基礎設施
6743安普新,電子零件元件/電聲產品
6747亨泰光,輔助與彌補用醫材
6751智聯服務,軟體業
6752叡揚,軟體業
6753龍德造船,機械
6754匯僑設計,營造工程
6756威鋒電子,傳輸介面/IC設計
6761穩得,電子零件元件/電子通路
6762達亞,機械/手術與治療用醫材
6763綠界科技,軟體業
6767台微醫,輔助與彌補用醫材
6768志強-KY,傳產其他
6770力積電,IC製造
6781AES-KY,汽機車零組件/電力設備
6782視陽,輔助與彌補用醫材
6788華景電,設備儀器廠商
6789采鈺,IC封裝測試/IC製造/數位相機
6790永豐實,造紙業
6791虎門科技,軟體業
6792詠業,電子零件元件/通訊設備
6796晉弘,診斷與監測用醫材
6799來頡,IC設計
6803崑鼎,控股公司/傳產其他
6804明係,車輛整車
6806森崴能源,營造工程/電力設備
6807峰源-KY,家居用品
6823濾能,電子其他
6829千附精密,機械/設備儀器廠商
6830汎銓,設備儀器廠商
6834天二科技,被動元件
6835圓裕,電子零件元件/印刷電路板相關
6840東研信超,設備儀器廠商
6841長佳智能,診斷與監測用醫材
6843進典,機械
6854錼創科技-KY創,LED
6855數泓科,機械
6859伯特光,機械/數位相機
6863永道-KY,通訊設備
6865偉康科技,軟體業
6869雲豹能源-創,太陽能/電力/電力設備
6873泓德能源-創,太陽能/電力
6874倍力,軟體業
6912益鈞環科*-新,傳產其他
6929佑全-新,醫藥產業
6937天虹-新,設備儀器廠商
7402邑錡,消費性電子產品
7556意德士,設備儀器廠商
8011台通,通訊服務/軟體業/光通訊/電線電纜
8016矽創,手機零組件/IC設計
8021尖點,印刷電路板相關/電腦系統業
8024佑華,IC設計
8027鈦昇,設備儀器廠商
8028昇陽半導體,IC製造
8032光菱,電子通路
8033雷虎,電子零件元件/航天軍工/傳產其他
8034榮群,通訊設備
8038長園科,電池材料相關/電力設備
8039台虹,印刷電路板相關
8040九暘,IC設計
8042金山電,被動元件
8043蜜望實,被動元件/電子通路
8044網家,INTERNET應用與服務
8046南電,印刷電路板相關/封測服務與材料
8047星雲,設備儀器廠商
8048德勝,光通訊
8049晶采,面板業
8050廣積,電腦系統業
8054安國,IC設計
8059凱碩,通訊設備
8064東捷,設備儀器廠商
8066來思達,家居用品
8067志旭,電聲產品/電子通路/週邊產品/時尚產業
8068全達,軟體業/電子通路
8069元太,面板業
8070長華*,電子通路/封測服務與材料
8071能率網通,電子零件元件/電子通路/輔助與彌補用醫材
8072陞泰,電子通路/消費性電子產品
8074鉅橡,印刷電路板相關
8076伍豐,電腦系統業
8080永利聯合,營造工程
8081致新,IC設計
8083瑞穎,機械
8084巨虹,電子通路/週邊產品/旅館、餐飲
8085福華,面板零組件/電子零件元件/面板業
8086宏捷科,IC製造
8087華鎂鑫,太陽能/電力
8088品安,電子零件元件
8089康全電訊,通訊設備/光通訊
8091翔名,電子通路/設備儀器廠商
8092建暐,機械/設備儀器廠商
8093保銳,電子零件元件
8096擎亞,電子通路
8097常珵,通訊設備
8099大世科,軟體業/INTERNET技術與基礎設施
8101華冠,手機/消費性電子產品/穿戴式裝置/電腦系統業
8103瀚荃,電子零件元件
8104錸寶,面板業
8105凌巨,面板業
8107大億金茂,汽機車零組件
8109博大,電子零件元件
8110華東,IC封裝測試
8112至上,電子通路
8114振樺電,電腦系統業
8121越峰,被動元件
8131福懋科,電子零件元件/IC封裝測試/LED
8147正淩,電子零件元件
8150南茂,IC封裝測試/封測服務與材料
8155博智,印刷電路板相關
8163達方,車輛整車/週邊產品
8171天宇,汽機車零組件/電子零件元件/電力設備
8176智捷,通訊設備
8182加高,被動元件
8183精星,電腦系統業
8201無敵,車用電子/INTERNET技術與基礎設施/消費性電子產品
8210勤誠,電子零件元件
8213志超,印刷電路板相關
8215明基材,面板零組件
8222寶一,機械/航天軍工
8227巨有科技,IC設計
8234新漢,電腦系統業
8240華宏,面板零組件
8249菱光,數位相機
8255朋程,車用電子/分離式元件
8261富鼎,分離式元件
8271宇瞻,電子零件元件
8277商丞,電子零件元件/週邊產品
8279生展,生物科技/醫藥產業
8284三竹,軟體業
8289泰藝,被動元件
8291尚茂,印刷電路板相關
8299群聯,電子零件元件/傳輸介面/IC設計/週邊產品
8341日友,傳產其他
8342益張,家居用品/線材、盤元
8354冠好,化學工業/造紙業/傳產其他
8358金居,印刷電路板相關
8367建新國際,運輸事業
8374羅昇,機械/電力設備
8383千附,機械/營造工程/電子其他
8390金益鼎,傳產其他
8401白紗科,傳產其他
8403盛弘,醫藥產業/醫療器材通路/醫療管理服務
8404百和興業-KY,紡織中游/地產/傳產其他
8409商之器,INTERNET技術與基礎設施/診斷與監測用醫材
8410森田,電子零件元件
8411福貞-KY,傳產其他
8415大國鋼,線材、盤元/非鐵金屬
8416實威,軟體業/週邊產品
8418捷必勝-KY,機械
8420明揚,運動產業
8421旭源,傳產其他
8422可寧衛,傳產其他
8423保綠-KY,橡膠工業
8424惠普,建材
8426紅木-KY,營造工程
8429金麗-KY,成衣/傳產其他
8431匯鑽科,傳產其他
8432東生華,醫藥產業
8433弘帆,流通業
8435鉅邁,化學工業
8436大江,生物科技/食品加工/時尚產業
8437大地-KY,服務業
8438昶昕,電子化工材料/傳產其他
8440綠電,傳產其他
8442威宏-KY,時尚產業/傳產其他/運動產業
8443阿瘦,傳產其他
8444綠河-KY,建材
8446華研,傳播事業/文化創意產業
8450霹靂,傳播事業/文化創意產業
8454富邦媒,INTERNET應用與服務
8455大拓-KY,電力設備/印刷電路板相關/電子通路/設備儀器廠商
8462柏文,休閒娛樂
8463潤泰材,水泥/營造工程
8464億豐,家居用品
8466美吉吉-KY,建材
8467波力-KY,傳產其他/運動產業
8472夠麻吉,INTERNET應用與服務
8473山林水,營造工程/水資源
8476台境,營造工程
8477創業家,INTERNET應用與服務
8478東哥遊艇,機械
8481政伸,傳產其他
8482商億-KY,家居用品
8488吉源-KY,傳產其他
8489三貝德,服務業
8499鼎炫-KY,機械/電子零件元件
8905裕國,運輸事業/食品加工
8906花王,傳產其他
8908欣雄,石油及天然氣
8916光隆,成衣/家居用品/紡織中游
8917欣泰,石油及天然氣
8921沈氏,傳產其他
8923時報,傳播事業
8924大田,運動產業
8926台汽電,電力
8927北基,其他公用事業
8928鉅明,運動產業
8929富堡,紡織中游/造紙業
8930青鋼,建材
8931大汽電,電力/傳產其他
8932宏大,傳產其他
8933愛地雅,車輛整車
8935邦泰,傳產其他
8936國統,水泥/水資源
8937合騏,汽機車零組件/車輛整車
8938明安,傳產其他/運動產業
8940新天地,旅館、餐飲
8941關中,傳產其他
8942森鉅,建材
8996高力,傳產其他
910322康師傅-DR,食品加工/飲料相關
9103美德醫療-DR,其他醫療器材
9105泰金寶-DR,消費性電子產品/週邊產品/電腦系統業
910861神州-DR,軟體業/運輸事業
9110越南控-DR,汽機車零組件/車輛整車
911608明輝-DR,機械/軟體業/電線電纜/診斷與監測用醫材
911868同方友友-DR,LED
912000晨訊科-DR,通訊設備/手機/電腦系統業
9136巨騰-DR,電子零件元件
9802鈺齊-KY,傳產其他
9902台火,資產股/車輛整車/流通業
9904寶成,控股公司/傳產其他
9905大華,傳產其他
9906欣巴巴,地產
9907統一實,板鋼/化纖原料/傳產其他
9908大台北,石油及天然氣
9910豐泰,傳產其他/運動產業
9911櫻花,家居用品
9912偉聯,顯示器
9914美利達,機械/車輛整車
9917中保科,服務業/消費性電子產品
9918欣天然,石油及天然氣
9919康那香,紡織中游/造紙業
9921巨大,機械/車輛整車
9924福興,家居用品
9925新保,服務業/消費性電子產品
9926新海,石油及天然氣
9927泰銘,非鐵金屬
9928中視,傳播事業
9929秋雨,傳播事業/傳產其他
9930中聯資源,水泥/傳產其他
9931欣高,石油及天然氣
9933中鼎,營造工程
9934成霖,家居用品
9935慶豐富,家居用品
9937全國,其他公用事業
9938百和,紡織中游/傳產其他
9939宏全,化纖原料/造紙業/傳產其他
9940信義,地產
9941裕融,車輛整車
9942茂順,橡膠工業
9943好樂迪,休閒娛樂
9944新麗,家居用品/紡織中游
9945潤泰新,地產
9946三發地產,營造工程/地產
9949琉園,傳產其他
9950萬國通,傳產其他
9951皇田,汽車內裝
9955佳龍,傳產其他
9958世紀鋼,條鋼
9960邁達康,INTERNET應用與服務/運動產業
9962有益,不鏽鋼
